year,events,first_event,last_event,magnitude_median,magnitude_p90,depth_median_km,depth_p90_km,covered_days,partial_year,mc_maxc,b_value,n_above_mc
2011,2240,2011-07-16 08:45:02,2011-12-31 23:36:06,2.9,3.6,103.0,141.0,169,True,2.6,0.8461,2009
2012,4889,2012-01-01 00:34:09,2012-12-31 21:19:30,2.9,3.5,102.0,134.19999999999982,366,False,2.6,0.8734,4324
2013,4704,2013-01-01 01:52:16,2013-12-31 19:54:52,2.9,3.6,105.0,193.0,365,False,2.5,0.8086,4704
2014,4714,2014-01-01 10:03:03,2014-12-31 23:32:06,2.8,3.5,108.0,205.69999999999982,365,False,2.5,0.9292,4714
2015,4918,2015-01-01 04:36:51,2015-12-31 23:45:33,2.8,3.5,110.0,213.0,365,False,2.5,0.8404,4918
2016,4848,2016-01-01 01:15:55,2016-12-31 23:52:45,2.8,3.6,110.0,217.0,366,False,2.5,0.8184,4848
2017,4549,2017-01-01 00:32:57,2017-12-31 20:31:39,2.9,3.7,112.0,221.0,365,False,2.5,0.7477,4549
2018,5424,2018-01-01 02:18:13,2018-12-31 21:43:48,2.8,3.5,110.0,210.0,365,False,2.5,0.9403,5424
2019,5835,2019-01-01 00:31:10,2019-12-31 22:25:13,2.8,3.4,111.0,206.0,365,False,2.5,0.9239,5835
2020,6578,2020-01-01 02:29:20,2020-12-31 23:15:08,2.8,3.5,113.0,208.0,366,False,2.5,0.8681,6578
2021,7532,2021-01-01 00:22:55,2021-12-31 23:59:13,2.8,3.4,110.0,207.0,365,False,2.5,0.921,7532
2022,6991,2022-01-01 00:52:52,2022-12-31 22:25:32,2.8,3.4,112.0,208.0,365,False,2.5,0.915,6991
2023,5794,2023-01-01 00:04:21,2023-12-31 22:00:06,2.8,3.5,113.0,208.0,365,False,2.5,0.8858,5794
2024,4573,2024-01-01 00:53:24,2024-12-31 14:53:00,2.8,3.4,115.0,211.0,366,False,2.5,0.8905,4572
2025,3949,2025-01-01 00:56:00,2025-12-31 23:22:48,2.8,3.5,116.0,211.0,365,False,2.5,0.845,3921
2026,2986,2026-01-01 00:17:04,2026-09-18 06:25:00,2.8,3.5,114.0,212.0,261,True,2.5,0.8329,2960
