latitude,events,depth_median_km,depth_p10_km,depth_p25_km,depth_p75_km,depth_p90_km,depth_p95_km,magnitude_median,superficial_fraction,intermediate_fraction,deep_fraction,slab_interpolated_events,slab_coverage_fraction,delta_z_median_km,delta_z_p10_km,delta_z_p90_km,abs_delta_z_median_km,depth_distribution_change_js,adjacent_event_jaccard,profile_length_km,corridor_area_km2,density_events_per_1000_km2
-45.0,0,,,,,,,,,,,0,,,,,,,,945.2957015792721,94529.57015792721,0.0
-44.75,0,,,,,,,,,,,0,,,,,,,,949.4049824920583,94940.49824920582,0.0
-44.5,0,,,,,,,,,,,0,,,,,,,,953.4961344781472,95349.61344781471,0.0
-44.25,0,,,,,,,,,,,0,,,,,,,,957.5690803917414,95756.90803917414,0.0
-44.0,0,,,,,,,,,,,0,,,,,,,,961.6237434425501,96162.374344255,0.0
-43.75,0,,,,,,,,,,,0,,,,,,,,965.6600471971223,96566.00471971222,0.0
-43.5,0,,,,,,,,,,,0,,,,,,,,969.6779155801651,96967.7915580165,0.0
-43.25,1,169.0,169.0,169.0,169.0,169.0,169.0,3.8,0.0,1.0,0.0,1,1.0,40.8739946385013,40.8739946385013,40.8739946385013,40.8739946385013,,0.0,973.6772728758585,97367.72728758585,0.010270343448054348
-43.0,1,169.0,169.0,169.0,169.0,169.0,169.0,3.8,0.0,1.0,0.0,1,1.0,40.8739946385013,40.8739946385013,40.8739946385013,40.8739946385013,0.0,1.0,977.658043729161,97765.8043729161,0.010228525264167196
-42.75,1,169.0,169.0,169.0,169.0,169.0,169.0,3.8,0.0,1.0,0.0,1,1.0,40.8739946385013,40.8739946385013,40.8739946385013,40.8739946385013,0.0,1.0,981.6201531471032,98162.01531471033,0.010187239909388274
-42.5,0,,,,,,,,,,,0,,,,,,,0.0,985.5635265000808,98556.35265000808,0.0
-42.25,1,215.0,215.0,215.0,215.0,215.0,215.0,3.2,0.0,1.0,0.0,1,1.0,57.35725540814636,57.35725540814636,57.35725540814636,57.35725540814636,,0.0,989.4880895231321,98948.80895231321,0.010106235846476273
-42.0,1,215.0,215.0,215.0,215.0,215.0,215.0,3.2,0.0,1.0,0.0,1,1.0,57.35725540814636,57.35725540814636,57.35725540814636,57.35725540814636,0.0,1.0,993.3937683172088,99339.37683172087,0.010066501642082797
-41.75,3,170.0,112.4,134.0,192.5,206.0,210.5,3.0,0.0,1.0,0.0,2,0.6666666666666666,51.744675513085305,47.254611597036465,56.234739429134144,51.744675513085305,0.13937428135686408,0.3333333333333333,997.2804893504451,99728.04893504451,0.030081807796660885
-41.5,3,170.0,112.4,134.0,192.5,206.0,210.5,3.0,0.0,1.0,0.0,2,0.6666666666666666,51.744675513085305,47.254611597036465,56.234739429134144,51.744675513085305,0.0,1.0,1001.1481794594087,100114.81794594087,0.029965594120342044
-41.25,3,170.0,112.4,134.0,170.0,170.0,170.0,3.0,0.0,1.0,0.0,2,0.6666666666666666,44.967031146619,44.0349795694948,45.8990827237432,44.967031146619,0.1229928298703226,0.5,1004.9967658503484,100499.67658503485,0.029850842330439126
-41.0,4,156.5,112.4,134.0,167.75,169.1,169.55,3.7,0.0,1.0,0.0,3,0.75,43.80196667521375,41.22498184583817,48.51130710495547,43.80196667521375,0.0973576143628917,0.4,1008.8261761004387,100882.61761004388,0.03965004174913241
-40.75,4,156.5,127.1,139.25,167.75,169.1,169.55,3.7,0.0,1.0,0.0,4,1.0,42.19135115685401,26.487976871521433,47.92263955123776,42.19135115685401,0.13912616504117156,0.6,1012.6363381590024,101263.63381590025,0.03950085385314236
-40.5,10,165.5,119.9,146.25,173.75,193.6,196.29999999999998,3.7,0.0,1.0,0.0,10,1.0,44.42190481591928,18.42896951927121,56.942543216839475,44.42190481591928,0.2002598608547249,0.4,1016.4271803487424,101642.71803487424,0.09838383106371613
-40.25,11,167.0,119.0,133.5,184.0,198.0,198.5,3.7,0.09090909090909091,0.9090909090909091,0.0,11,1.0,45.01388653585548,0.25568716448589157,55.40289825467454,45.041842956624805,0.11070384200155417,0.6153846153846154,1020.1986313669504,102019.86313669504,0.10782214033419402
-40.0,12,168.5,16.50000000000001,140.25,179.5,197.5,198.45,3.7,0.16666666666666666,0.8333333333333334,0.0,12,1.0,43.29555706815213,-88.76709134690974,54.38278946685626,45.02786474624014,0.09043551393276243,0.6428571428571429,1023.9506202867146,102395.06202867147,0.11719315133223807
-39.75,12,158.0,15.40000000000001,117.25,174.5,196.4,198.45,3.7,0.16666666666666666,0.8333333333333334,0.0,12,1.0,39.909426007487056,-88.76709134690974,47.83403251515554,43.29555706815213,0.09957522911979862,0.6,1027.6830765581196,102768.30765581196,0.11676751591735832
-39.5,11,149.0,5.0,59.5,177.0,186.0,192.0,3.3,0.2727272727272727,0.7272727272727273,0.0,11,1.0,39.716354834569245,-116.98144874237398,48.147382068411105,45.01388653585548,0.08721653085699864,0.5333333333333333,1031.3959300094366,103139.59300094366,0.1066515746275958
-39.25,10,148.0,9.5,76.0,179.5,186.7,189.85,3.3,0.3,0.7,0.0,10,1.0,23.548859819307324,-130.60636720912325,49.046401455602016,40.973578631977986,0.11315382143755624,0.6153846153846154,1035.0891108483024,103508.91108483024,0.0966100396110297
-39.0,21,10.0,5.0,7.0,147.0,186.0,193.0,3.4,0.6666666666666666,0.3333333333333333,0.0,21,1.0,-275.18895261164613,-315.34837158118324,48.147382068411105,275.18895261164613,0.3006166721883716,0.34782608695652173,1038.7625496628975,103876.25496628975,0.2021636225412149
-38.75,96,6.0,3.0,4.0,7.0,11.5,85.5,2.8,0.9479166666666666,0.052083333333333336,0.0,96,1.0,-300.5954453908497,-327.4565357780439,-269.60657994321843,300.5954453908497,0.3935940271590624,0.17,1042.4161774231077,104241.61774231077,0.9209373576426608
-38.5,214,6.0,3.0,5.0,8.0,10.0,15.0,2.7,0.9719626168224299,0.028037383177570093,0.0,214,1.0,-315.45757890545656,-347.45666718217257,-284.7154434974941,315.45757890545656,0.11980215770636762,0.4351851851851852,1046.0499254816852,104604.99254816852,2.045791455904528
-38.25,306,7.0,4.0,5.0,8.0,11.0,15.0,2.7,0.9705882352941176,0.029411764705882353,0.0,306,1.0,-329.9884422110912,-347.44757698910985,-284.77299549455745,329.9884422110912,0.05234603932376904,0.6828478964401294,1049.663725575395,104966.3725575395,2.915219346388861
-38.0,298,7.0,4.0,5.0,10.0,12.0,20.0,2.7,0.9664429530201343,0.03355704697986577,0.0,298,1.0,-330.44781276768333,-347.51456665961166,-110.42202296723664,330.44781276768333,0.03336554607208684,0.7406340057636888,1053.257509826157,105325.7509826157,2.829317590616427
-37.75,328,8.0,4.0,6.0,10.0,13.0,103.69999999999732,2.7,0.948170731707317,0.051829268292682924,0.0,328,1.0,-311.006102276026,-346.5993489997209,-108.60018487435215,311.006102276026,0.053053594316843235,0.5888324873096447,1056.8312107421805,105683.12107421804,3.103617651201421
-37.5,201,8.0,5.0,7.0,11.0,152.0,167.0,2.7,0.8706467661691543,0.12935323383084577,0.0,201,1.0,-248.242157396746,-337.40897717213977,27.47679554488522,248.242157396746,0.1539720339304886,0.5028409090909091,1060.3847612190862,106038.47612190862,1.895538368251516
-37.25,158,9.0,5.0,7.0,134.0,167.60000000000002,179.75000000000003,2.8,0.7278481012658228,0.2721518987341772,0.0,158,1.0,-246.23413444742036,-256.44137320993894,47.270344550312906,246.23413444742036,0.1605765688578706,0.5676855895196506,1063.9180945410276,106391.80945410275,1.485076725461286
-37.0,165,10.0,5.0,7.0,153.0,178.0,185.59999999999997,2.9,0.6484848484848484,0.3515151515151515,0.0,165,1.0,-242.20529952914853,-255.46288462830904,57.224938565135126,242.20529952914853,0.11272988720428914,0.7365591397849462,1067.4311443817921,106743.11443817921,1.5457671519933076
-36.75,88,153.0,9.700000000000001,30.0,174.75,186.3,196.64999999999998,3.3,0.3068181818181818,0.6931818181818182,0.0,88,1.0,32.32082643465822,-175.9140736645302,67.32162935193331,57.21367009497666,0.338608985189367,0.3602150537634409,1070.9238448059107,107092.38448059106,0.8217204278979213
-36.5,84,154.0,9.0,27.75,181.0,196.7,206.7,3.2,0.3333333333333333,0.6666666666666666,0.0,84,1.0,29.7950045478305,-205.39959604041937,68.57875390803872,59.33011449321635,0.12001664632951826,0.6074766355140186,1074.3961302697421,107439.61302697421,0.7818345360096431
-36.25,85,142.0,9.0,18.0,182.0,198.8,206.8,3.1,0.38823529411764707,0.611764705882353,0.0,85,1.0,21.213749511918223,-209.8712547084307,58.4054093399339,63.39396389097712,0.10584559960462096,0.5943396226415094,1077.847935622562,107784.7935622562,0.7886084594196883
-36.0,71,153.0,10.0,26.5,187.0,207.0,211.5,3.2,0.36619718309859156,0.6338028169014085,0.0,71,1.0,19.35391904341799,-226.41962890565623,51.99429046690267,56.56812395064847,0.13899458764421999,0.4716981132075472,1081.2791961076398,108127.91961076397,0.6566296684111183
-35.75,83,142.0,10.0,23.5,182.5,199.2,209.7,3.2,0.3614457831325301,0.6385542168674698,0.0,83,1.0,7.825944348397854,-256.9207834367923,49.68034727592974,51.99429046690267,0.07671311755011803,0.5714285714285714,1084.6898473633007,108468.98473633007,0.7651956935133034
-35.5,104,141.0,11.0,28.0,172.0,193.5,209.85,3.2,0.33653846153846156,0.6634615384615384,0.0,104,1.0,17.829042435037543,-221.1152039836088,49.60347863791691,47.29626653614491,0.133004512659079,0.4496124031007752,1088.0798254239935,108807.98254239935,0.9558122259961412
-35.25,152,140.0,10.0,25.75,165.25,188.8,196.0,3.1,0.3684210526315789,0.631578947368421,0.0,152,1.0,17.643697372827305,-213.2740250145087,45.054634907841546,43.82721192990667,0.08882597580579563,0.514792899408284,1091.4490667213365,109144.90667213366,1.3926440054284996
-35.0,201,127.0,10.0,20.0,160.0,187.0,195.0,3.1,0.4427860696517413,0.5572139303482587,0.0,201,1.0,-1.0679088982413703,-199.65549266315065,48.07593781802113,52.88035681782088,0.09020626347815992,0.5550660792951542,1094.7975080851656,109479.75080851656,1.835955950900502
-34.75,243,40.0,8.0,15.0,154.0,181.0,190.89999999999998,3.0,0.5720164609053497,0.42386831275720166,0.00411522633744856,243,1.0,-96.36492428242344,-201.60594539739824,44.25976162386305,97.11423453349224,0.12022128642408571,0.6086956521739131,1098.1250867445665,109812.50867445665,2.212862659575356
-34.5,289,24.0,8.0,11.0,138.0,176.39999999999998,190.59999999999997,3.0,0.6920415224913494,0.3044982698961938,0.0034602076124567475,289,1.0,-115.37349017272197,-199.683738197791,41.18111690456848,115.37349017272197,0.122935695911246,0.5786350148367952,1101.4317403289058,110143.17403289057,2.6238575611930326
-34.25,374,17.0,8.0,10.0,35.0,153.0,179.0499999999999,2.8,0.8128342245989305,0.18449197860962566,0.00267379679144385,374,1.0,-126.57298687698658,-197.20096266436207,20.75228959962268,126.57298687698658,0.14950494957520355,0.45394736842105265,1104.7174068688464,110471.74068688464,3.3854811888955942
-34.0,536,16.0,8.0,10.0,30.0,151.0,178.25,2.8,0.8227611940298507,0.17537313432835822,0.0018656716417910447,535,0.9981343283582089,-131.95243337971866,-212.19256988172646,21.396055222805426,131.99744392060592,0.06397369051945873,0.4942528735632184,1107.982024797366,110798.2024797366,4.837623607639544
-33.75,816,16.0,8.0,10.0,30.0,167.5,199.0,2.8,0.8161764705882353,0.18137254901960784,0.0024509803921568627,815,0.9987745098039216,-126.89283557098435,-214.1282685659987,31.725319032621794,126.95995812933484,0.07527278792354655,0.5294117647058824,1111.225532950753,111122.5532950753,7.343243795282405
-33.5,1393,18.0,8.0,10.0,30.0,159.79999999999995,195.0,2.8,0.8169418521177315,0.18162239770279973,0.0014357501794687725,1391,0.9985642498205313,-116.79319519034556,-202.35464328505907,28.742080213442307,116.85453916551782,0.06915956031602462,0.4494750656167979,1114.4478705696085,111444.78705696085,12.499463068541914
-33.25,2315,18.0,8.0,10.0,30.0,142.0,178.29999999999973,2.7,0.8151187904967603,0.18444924406047516,0.00043196544276457883,2313,0.9991360691144708,-106.59464538527617,-151.35837792439153,25.756483979693304,106.67228478957571,0.06936755300962436,0.4843875100080064,1117.64897729983,111764.897729983,20.7131223400114
-33.0,3343,21.0,8.200000000000045,11.0,111.0,138.0,164.0,2.7,0.725097218067604,0.27490278193239603,0.0,3343,1.0,-98.52817693445483,-134.10551047329193,27.432852932339138,98.52817693445483,0.13840938244542586,0.5625517812758907,1120.828793193592,112082.8793193592,29.826143121062646
-32.75,4099,27.0,9.0,13.0,122.0,135.0,150.0,2.7,0.599170529397414,0.400829470602586,0.0,4099,1.0,-89.11643175654063,-128.01920484296954,28.592762618465635,89.1270268186254,0.14745978722437836,0.6384852487890798,1123.987258710319,112398.72587103191,36.468384923715746
-32.5,4648,110.0,10.0,19.0,124.0,134.0,144.0,2.7,0.42168674698795183,0.5778829604130808,0.0004302925989672978,4648,1.0,8.55386621730446,-121.80602474332149,28.72039252458905,29.964855572572482,0.17710922419341307,0.5594580139062222,1127.124314717648,112712.43147176481,41.23768726579511
-32.25,6663,114.0,12.0,89.0,122.0,130.0,136.0,2.7,0.24553504427435088,0.7540147080894491,0.00045024763619990995,6663,1.0,11.68743941063201,-103.52761063224358,26.929194193811536,19.2505876559606,0.2034798550704956,0.4479006656426011,1130.2399024923848,113023.99024923847,58.95208605984333
-32.0,13176,111.0,11.0,99.0,119.0,126.0,130.0,2.7,0.2133424408014572,0.7862780813600486,0.0003794778384942319,13175,0.9999241044323012,10.062263452002924,-91.41710111308392,23.913926573790096,16.0064508057188,0.11153162181732967,0.3674524400330852,1133.3339637214513,113333.39637214513,116.25875886340572
-31.75,23274,109.0,16.0,102.0,116.0,123.0,127.0,2.7,0.1551946377932457,0.8445905302053794,0.0002148320013749248,23273,0.999957033599725,9.41793272107114,-86.20307302542034,21.12010354129769,12.705207684643966,0.10326442617728422,0.4932404752150758,1136.4064405028253,113640.64405028253,204.8034855355269
-31.5,34781,106.0,24.0,101.0,113.0,120.0,124.0,2.7,0.12391823121819384,0.8759092608033121,0.00017250797849400535,34780,0.999971248670251,9.34148898778728,-78.06002614771168,19.21277230432426,11.453327543692694,0.08779055852610457,0.5759969595786845,1139.4572753464738,113945.72753464738,305.24180899563936
-31.25,33616,105.0,25.0,100.0,111.0,118.0,123.0,2.7,0.12312589243217516,0.8767253688719657,0.0001487386958591147,33614,0.9999405045216564,9.22968683173034,-76.02637477040805,18.703850631813147,11.202556591857117,0.03389673599718312,0.7965171254465224,1142.4864111752743,114248.64111752743,294.2354471018983
-31.0,24684,104.0,33.0,100.0,109.0,115.0,120.0,2.7,0.11343380327337546,0.886404148436234,0.00016204829039053638,24683,0.9999594879274024,9.219494628952901,-67.77460670890657,17.965138328873078,10.904392578224929,0.057569671180085887,0.6873607131486787,1145.493791325935,114549.3791325935,215.4878549924545
-30.75,13848,103.0,20.0,98.0,108.0,114.0,118.64999999999964,2.7,0.14688041594454074,0.8528307336799538,0.00028885037550548814,13847,0.9999277874061236,9.19610672003671,-78.55881224237456,18.14824998784397,11.360851538096597,0.066278858306917,0.5113551676799373,1148.4793595498975,114847.93595498975,120.57682956903285
-30.5,3488,91.0,10.0,16.0,110.0,120.0,127.0,2.7,0.4882454128440367,0.5103211009174312,0.0014334862385321102,3485,0.9991399082568807,1.3590110015744017,-92.55802364145661,25.219067797974944,32.485110540923216,0.3477430314044586,0.18358708267904691,1151.443060014243,115144.3060014243,30.292422796459032
-30.25,2825,35.0,10.0,15.0,109.0,118.0,124.0,2.7,0.5401769911504425,0.4580530973451327,0.0017699115044247787,2822,0.9989380530973452,-48.126464990174455,-88.98998717437927,25.073750776419885,54.86816773983412,0.07457173884033796,0.505245588936576,1154.3848373025794,115438.48373025794,24.47190840275677
-30.0,2744,35.0,10.0,14.0,109.0,119.0,126.0,2.7,0.547740524781341,0.45043731778425655,0.0018221574344023323,2741,0.9989067055393586,-55.84134053039894,-86.81919707034355,27.7069856324146,59.131226861568635,0.04285216099931648,0.5400995575221239,1157.3046364159302,115730.46364159301,23.71026533253962
-29.75,2819,101.0,10.0,16.0,114.0,124.0,132.0,2.7,0.44732174529975166,0.5519687832564739,0.000709471443774388,2815,0.9985810571124513,10.975527526883909,-85.32220635252789,34.557849326228435,37.21557983407452,0.10556217481485149,0.527876956879978,1160.2024027736086,116020.24027736086,24.297484587696328
-29.5,3297,107.0,10.0,20.0,117.0,127.0,133.0,2.7,0.36578707916287534,0.6329996966939642,0.001213224143160449,3296,0.9996966939642099,16.424943991088227,-83.68779920341044,37.504993151894,33.219915026896956,0.0784120159282981,0.5259481037924152,1163.0780822140885,116307.80822140885,28.34719397105034
-29.25,3737,110.0,11.0,30.0,121.0,130.0,134.0,2.7,0.2857907412362858,0.7118009098207118,0.002408348943002408,3735,0.9994648113459995,20.100332507361514,-82.40232136223595,38.96729835577214,30.981825506665885,0.09681910646010256,0.5743061772605192,1165.9316209958613,116593.16209958613,32.051622348213726
-29.0,4329,115.0,14.0,98.0,127.0,135.0,140.0,2.7,0.2376992376992377,0.7592977592977593,0.003003003003003003,4326,0.9993069993069993,23.27283572392495,-83.99209530938995,39.45179607396659,30.90617536018823,0.12055344831848273,0.5619674670797831,1168.7629657982945,116876.29657982946,37.039161290015585
-28.75,4589,118.0,15.0,104.0,130.0,138.0,143.0,2.8,0.21224667683591197,0.7829592503813467,0.004794072782741338,4587,0.9995641752015689,25.444719824102464,-90.31988670364746,39.282015881236426,31.130798760939655,0.07604529668476893,0.6005025125628141,1171.5720637224733,117157.20637224734,39.16959222652701
-28.5,4781,124.0,19.0,110.0,134.0,142.0,147.0,2.8,0.1731855260405773,0.8209579585860699,0.005856515373352855,4779,0.9995816774733319,27.598165222143706,-93.21366319576846,39.885462309552146,31.625422399912296,0.10490572317031285,0.5655806182121972,1174.358862292042,117435.8862292042,40.71157593743309
-28.25,4971,129.0,23.0,115.0,142.0,176.0,186.0,2.8,0.14101790384228524,0.8527459263729632,0.006236169784751559,4971,1.0,30.32403873909459,-87.28126339719972,47.21159541935066,34.201248410084844,0.2328150223348951,0.5815763866363931,1177.1233094540278,117712.33094540278,42.23007020654145
-28.0,4525,135.0,27.0,117.0,166.0,184.0,190.0,2.8,0.12353591160220995,0.868950276243094,0.0075138121546961326,4523,0.9995580110497237,33.40466267094811,-79.45617964355135,51.79997048357077,37.850102069113845,0.14265906655934182,0.5866332497911445,1179.865353579668,117986.5353579668,38.351833845034236
-27.75,4080,143.0,32.0,122.0,171.0,185.0,192.0,2.8,0.12205882352941176,0.8708333333333333,0.007107843137254902,4078,0.9995098039215686,36.032217681768095,-81.85809656927199,53.25417070198054,40.638970230074065,0.10511435664441678,0.5958827893175074,1182.5849434652234,118258.49434652235,34.50069293157698
-27.5,3704,144.0,14.0,92.0,174.0,186.0,193.0,2.8,0.22921166306695465,0.7607991360691144,0.009989200863930885,3702,0.9994600431965442,34.98887934861916,-141.3301126771079,53.68403621318291,46.420756777964115,0.16843223341867844,0.5795454545454546,1185.2820283327835,118528.20283327835,31.24994652293887
-27.25,2469,128.0,10.0,25.0,150.0,166.20000000000027,185.0,2.8,0.38112596192790604,0.6010530579181855,0.017820980153908466,2469,1.0,3.756163879903454,-177.63245273892403,48.45554654593763,52.29346740719873,0.26106089579693575,0.5306223654847508,1187.956557831067,118795.65578310669,20.783588286324388
-27.0,1880,40.0,10.0,16.0,140.25,161.10000000000014,182.04999999999995,2.8,0.5606382978723404,0.41808510638297874,0.02127659574468085,1880,1.0,-98.60997202435709,-213.1138804379337,42.00986216904528,101.58824131931364,0.17745822551195362,0.5717383447777377,1190.6084820362098,119060.84820362098,15.790245310404433
-26.75,1313,32.0,10.0,14.0,103.0,161.79999999999995,191.59999999999945,2.8,0.6801218583396801,0.2962680883472963,0.02361005331302361,1313,1.0,-111.59152638516528,-225.1471122046136,26.561766616252395,112.60052681900828,0.15067368851483062,0.5806930693069307,1193.2377514525524,119323.77514525523,11.003674652445907
-26.5,737,24.0,9.0,13.0,68.0,158.19999999999993,199.0,2.8,0.751696065128901,0.2265943012211669,0.021709633649932156,736,0.9986431478968792,-121.94579512006852,-251.93623410041346,16.74713870261804,125.16253295258136,0.12412368612113382,0.44061841180604355,1195.8443170134133,119584.43170134132,6.1630095951004416
-26.25,609,24.0,8.0,12.0,80.0,160.20000000000005,199.0,2.9,0.7323481116584565,0.24958949096880131,0.0180623973727422,607,0.9967159277504105,-139.07337806345615,-278.7371600585477,21.043879349764186,139.47644793050495,0.063900231525761,0.44265809217577706,1198.4281300818564,119842.81300818564,5.081656419049538
-26.0,565,20.0,7.0,10.0,73.0,161.60000000000002,201.5999999999999,3.0,0.7433628318584071,0.23716814159292035,0.019469026548672566,562,0.9946902654867257,-141.17811407434505,-292.95159139578857,20.86823825314131,141.98186308567728,0.0794213648869907,0.5070603337612324,1200.9891424514515,120098.91424514515,4.704455519445626
-25.75,513,20.0,7.0,10.0,54.0,164.8,207.0,3.0,0.7680311890838206,0.2124756335282651,0.01949317738791423,510,0.9941520467836257,-141.7636228970469,-316.7240692644991,14.953475382295677,142.1129277859937,0.07620061464243423,0.6661514683153014,1203.5273063470308,120352.73063470308,4.262470799745022
-25.5,471,20.0,8.0,11.0,70.0,165.0,211.5,3.0,0.7473460721868365,0.22929936305732485,0.02335456475583864,469,0.9957537154989384,-143.0797471430005,-329.5754161737579,24.22581234560099,144.15201232873034,0.04123567571049063,0.6264462809917355,1206.0425744254296,120604.25744254296,3.9053347699967302
-25.25,321,30.0,10.0,15.0,125.0,191.0,231.0,3.0,0.6728971962616822,0.30218068535825543,0.024922118380062305,321,1.0,-145.0294671139654,-343.07421325649045,46.716585083191916,150.16228094471956,0.14325798940460222,0.43478260869565216,1208.534899776222,120853.48997762219,2.6561086490711845
-25.0,359,36.0,10.0,15.0,143.0,194.39999999999998,233.69999999999976,3.0,0.5821727019498607,0.39275766016713093,0.025069637883008356,359,1.0,-170.10306457455886,-346.17089040249687,53.27859215590851,173.48661584491646,0.11954031117800197,0.4945054945054945,1211.004235922456,121100.4235922456,2.964481785867079
-24.75,591,142.0,12.0,27.0,178.0,199.0,218.0,3.1,0.34856175972927245,0.637901861252115,0.01353637901861252,591,1.0,32.623127660957806,-326.0675967770558,65.35643139654559,61.79840765394904,0.247345402473717,0.39092240117130306,1213.4505368213731,121345.05368213731,4.870408657514144
-24.5,4668,190.0,141.0,175.0,200.0,210.0,217.0,3.2,0.07133676092544987,0.926949443016281,0.001713796058269066,4668,1.0,54.42247965721788,5.182677653589628,68.76517688497998,56.60559469618286,0.46722386275492483,0.1078575942700653,1215.8737568651225,121587.37568651224,38.39214370442098
-24.25,10130,198.0,164.0,185.0,212.0,222.0,229.0,3.2,0.04718657453109575,0.9516288252714709,0.0011846001974333662,10130,1.0,55.6179124940917,24.832500055383562,70.03809457801142,56.94194508724493,0.20270025388456014,0.4453994920882985,1218.2738508814666,121827.38508814666,83.15043446652463
-24.0,11379,200.0,163.0,186.0,214.0,225.0,231.0,3.2,0.05800158186132349,0.9402407944459091,0.0017576236927673784,11379,1.0,55.47922631872825,18.281167878646222,69.90059006366266,57.167979126393845,0.048418874237327464,0.8624123300718677,1220.6507741344847,122065.07741344847,93.2207658498263
-23.75,11317,202.0,161.0,188.0,216.0,226.0,233.0,3.2,0.07201555182468852,0.9257753821684191,0.0022090660068922858,11315,0.9998232747194487,55.35018310581347,9.235280262778058,69.79643510731334,57.44281198771205,0.053890091735282614,0.8519787841697266,1223.0044823252597,122300.44823252597,92.53441147233856
-23.5,6398,213.0,35.0,195.0,224.0,234.0,243.0,3.2,0.10706470772116286,0.8882463269771804,0.004688965301656768,6395,0.9995311034698343,54.35921398922247,-200.780886784258,69.94503812263834,57.84976213406267,0.21401007678960718,0.43755578998620465,1225.3349315925666,122533.49315925666,52.21429533298725
-23.25,3592,220.0,19.0,198.75,235.0,250.0,261.0,3.2,0.1520044543429844,0.8357461024498887,0.012249443207126948,3587,0.998608017817372,49.757946850973354,-330.96548007761305,68.78481558605809,56.40673168986552,0.21729944426005407,0.321253802407089,1227.6420785135454,122764.20785135454,29.259342465266982
-23.0,3492,227.0,141.0,211.0,245.0,264.0,276.0,3.2,0.08619702176403207,0.8971935853379153,0.016609392898052692,3484,0.997709049255441,49.98281367513047,-20.409939868071724,68.91095517963517,53.6308929751291,0.152787263418523,0.6236534494613798,1229.925880104373,122992.58801043729,28.391954803842854
-22.75,3102,237.0,193.0,219.0,258.0,275.0,286.0,3.2,0.04932301740812379,0.927143778207608,0.023533204384268213,3096,0.9980657640232108,49.01852880911531,4.8317794374716385,69.24395552076692,51.28854300871171,0.14824083206361716,0.627746235497408,1232.186293820924,123218.6293820924,25.174764689038327
-22.5,2099,250.0,199.0,226.0,269.0,284.0,295.0999999999999,3.3,0.03668413530252501,0.9237732253454026,0.03954263935207242,2094,0.9976179132920439,46.646615112865604,6.454504891299565,67.49629609517827,48.5428007329062,0.15885445035075782,0.5803707079914919,1234.423277559424,123442.32775594239,17.003891923926847
-22.25,1272,260.0,193.0,233.0,275.0,290.0,300.45000000000005,3.3,0.036163522012578615,0.9088050314465409,0.055031446540880505,1269,0.9976415094339622,44.584336133022134,5.746648369507626,66.0498566848192,46.42571240296064,0.13364368707879234,0.5513115508513575,1236.6367896570976,123663.67896570975,10.28596278744633
-22.0,598,268.0,131.0,244.0,282.0,296.0,313.15,3.4,0.04013377926421405,0.8762541806020067,0.08361204013377926,597,0.9983277591973244,42.88476654133271,9.425474673196359,66.72717897015197,44.21757097776771,0.16117084084469008,0.4518633540372671,1238.8267888928071,123882.67888928071,4.827147793070074
