month,events,magnitude_median,depth_median_km
2011-07,199,2.8,104.0
2011-08,373,2.9,104.0
2011-09,401,2.9,103.0
2011-10,490,2.9,103.0
2011-11,388,2.9,104.0
2011-12,389,3.0,102.0
2012-01,495,3.0,100.0
2012-02,384,2.9,102.0
2012-03,361,3.0,104.0
2012-04,404,2.8,104.0
2012-05,354,2.9,103.0
2012-06,411,2.9,101.0
2012-07,342,2.9,103.0
2012-08,427,2.8,102.0
2012-09,457,2.8,98.0
2012-10,436,2.9,102.0
2012-11,412,2.8,103.0
2012-12,406,2.8,102.0
2013-01,481,2.9,103.0
2013-02,53,3.3,94.0
2013-03,515,2.9,102.0
2013-04,442,2.9,102.0
2013-05,412,2.9,103.0
2013-06,309,2.9,105.0
2013-07,412,3.0,99.0
2013-08,395,2.9,104.0
2013-09,290,3.0,109.5
2013-10,455,2.8,106.0
2013-11,432,2.8,109.0
2013-12,508,2.8,108.0
2014-01,448,2.8499999999999996,108.0
2014-02,398,2.7,106.0
2014-03,462,2.8,107.0
2014-04,353,2.8,108.0
2014-05,339,2.8,106.0
2014-06,392,2.8,109.0
2014-07,376,2.8,108.0
2014-08,399,2.8,108.0
2014-09,349,2.8,108.0
2014-10,387,2.8,109.0
2014-11,413,2.8,110.0
2014-12,398,2.8,108.0
2015-01,369,2.8,109.0
2015-02,358,2.9,116.0
2015-03,326,2.9,109.0
2015-04,346,2.8,109.0
2015-05,350,2.8,108.0
2015-06,475,2.8,108.0
2015-07,378,2.8,113.0
2015-08,421,2.8,113.0
2015-09,424,2.9,106.0
2015-10,482,2.9,109.0
2015-11,484,2.8,112.0
2015-12,505,2.8,110.0
2016-01,379,2.8,110.0
2016-02,325,2.9,114.0
2016-03,423,2.7,107.0
2016-04,425,2.8,108.0
2016-05,342,2.8,111.0
2016-06,399,2.8,109.0
2016-07,430,2.8,110.0
2016-08,461,2.8,110.0
2016-09,372,2.9,109.5
2016-10,402,2.8499999999999996,113.0
2016-11,432,2.8,112.0
2016-12,458,2.9,112.0
2017-01,406,2.9,113.0
2017-02,307,2.9,107.0
2017-03,331,2.9,115.0
2017-04,377,2.9,112.0
2017-05,335,3.0,116.0
2017-06,343,3.0,114.0
2017-07,365,2.9,113.0
2017-08,405,2.9,114.0
2017-09,405,2.8,111.0
2017-10,416,2.8,109.0
2017-11,440,2.8,109.0
2017-12,419,2.8,112.0
2018-01,429,2.7,110.0
2018-02,342,2.8,111.0
2018-03,513,2.8,110.0
2018-04,447,2.7,112.0
2018-05,530,2.8,110.0
2018-06,428,2.8,112.0
2018-07,445,2.8,113.0
2018-08,522,2.7,108.0
2018-09,483,2.7,109.0
2018-10,423,2.8,109.0
2018-11,408,2.8,111.0
2018-12,454,2.8,112.5
2019-01,486,2.8,111.5
2019-02,397,2.8,110.0
2019-03,491,2.7,110.0
2019-04,524,2.8,110.0
2019-05,413,2.8,111.0
2019-06,465,2.8,110.0
2019-07,441,2.8,112.0
2019-08,560,2.75,111.0
2019-09,545,2.8,112.0
2019-10,538,2.8,113.0
2019-11,526,2.8,110.0
2019-12,449,2.8,113.0
2020-01,485,2.9,115.0
2020-02,398,2.8,112.0
2020-03,533,2.8,112.0
2020-04,508,2.8,114.0
2020-05,572,2.8,115.5
2020-06,510,2.8,113.0
2020-07,555,2.8,110.0
2020-08,587,2.8,112.0
2020-09,538,2.8,110.0
2020-10,608,2.8499999999999996,110.0
2020-11,617,2.8,115.0
2020-12,667,2.8,116.0
2021-01,923,2.8,99.0
2021-02,599,2.8,108.0
2021-03,616,2.8,111.5
2021-04,593,2.8,110.0
2021-05,603,2.9,114.0
2021-06,610,2.8,109.0
2021-07,607,2.9,114.0
2021-08,584,2.8,112.0
2021-09,565,2.8,113.0
2021-10,620,2.8,112.0
2021-11,595,2.8,113.0
2021-12,617,2.7,112.0
2022-01,639,2.8,113.0
2022-02,510,2.8,113.0
2022-03,667,2.8,111.0
2022-04,601,2.8,110.0
2022-05,619,2.8,111.0
2022-06,532,2.8,112.0
2022-07,543,2.8,113.0
2022-08,586,2.8,109.0
2022-09,546,2.8,110.5
2022-10,617,2.8,116.0
2022-11,539,2.8,113.0
2022-12,592,2.8,117.0
2023-01,463,2.8,116.0
2023-02,505,2.8,111.0
2023-03,497,2.8,112.0
2023-04,456,2.8,115.0
2023-05,530,2.8,112.0
2023-06,465,2.9,115.0
2023-07,462,2.8,115.5
2023-08,500,2.8,111.0
2023-09,475,2.8,109.0
2023-10,474,2.8,114.0
2023-11,507,2.8,112.0
2023-12,460,2.9,113.0
2024-01,395,2.8,116.0
2024-02,376,2.9,116.0
2024-03,370,2.9,121.0
2024-04,365,2.8,119.0
2024-05,381,2.9,118.0
2024-06,408,2.8,112.0
2024-07,411,2.8,118.0
2024-08,378,2.8,117.0
2024-09,368,2.8,111.5
2024-10,373,2.7,112.0
2024-11,371,2.8,113.0
2024-12,377,2.9,116.0
2025-01,316,2.8,117.0
2025-02,291,2.9,115.0
2025-03,309,2.9,114.0
2025-04,295,2.8,115.0
2025-05,270,2.9,116.5
2025-06,231,2.9,118.0
2025-07,300,2.8,113.0
2025-08,332,2.8499999999999996,113.0
2025-09,392,2.8,120.0
2025-10,439,2.8,114.0
2025-11,420,2.8,120.0
2025-12,354,2.8,118.5
2026-01,388,2.8,116.0
2026-02,339,2.9,114.0
2026-03,341,2.9,121.0
2026-04,377,2.9,118.0
2026-05,349,2.9,122.0
2026-06,340,2.8,115.0
2026-07,302,2.8,110.0
2026-08,334,2.8,108.0
2026-09,216,2.8,105.0
