province_code,province,area_km2_equal_area,events,magnitude_median,magnitude_max,depth_median_km,depth_p90_km,depth_p95_km,depth_max_km,superficial,intermediate,deep,magnitude_ge_4,magnitude_ge_5,events_per_km2,events_per_year,superficial_fraction,intermediate_fraction,deep_fraction,events_above_global_mc,events_above_global_mc_per_km2,local_mc_maxc,local_b_value,events_above_local_mc
70,San Juan,88371.20959333067,41740,2.7,8.0,106.0,120.0,125.0,498.0,5111,36619,10,520,34,0.47232577433397605,2750.8520299530855,0.12244849065644466,0.8773119310014375,0.00023957834211787255,41740,0.47232577433397605,2.5,1.2075,41740
66,Salta,155368.6437403619,8927,3.2,6.5,194.0,217.0,224.0,658.0,800,8061,66,538,41,0.05745689596749006,588.3290865211115,0.08961577237593817,0.9029909264030469,0.007393301221014899,8927,0.05745689596749006,3.1,1.1078,5850
38,Jujuy,53240.53253460076,7683,3.2,6.5,221.0,264.0,276.0,557.0,736,6869,78,576,33,0.1443073469448649,506.3439421688921,0.0957959130547963,0.8940518026812443,0.01015228426395939,7683,0.1443073469448649,3.1,1.0484,5211
46,La Rioja,91414.49094130438,6710,2.7,5.7,115.0,138.0,143.0,680.0,1822,4884,4,162,16,0.07340192928830476,442.2189056297366,0.2715350223546945,0.7278688524590164,0.0005961251862891207,6708,0.07338005091891928,2.5,1.0636,6708
50,Mendoza,149088.85452755488,5691,2.7,6.0,31.0,141.0,165.0,750.0,3123,2565,3,127,16,0.038171867494952,375.0622640743414,0.5487612018977333,0.4507116499736426,0.0005271481286241434,5689,0.0381584526759413,2.5,1.063,5689
10,Catamarca,101485.52495015688,4722,2.8,5.7,142.0,184.0,191.0,635.0,1257,3458,7,174,17,0.046528803022097394,311.20084536268496,0.2662007623888183,0.7323168149089369,0.0014824227022448115,4710,0.04641055955825471,2.5,0.9084,4710
14,Córdoba,164670.35334909556,1509,2.7,5.8,20.0,72.0,173.5999999999999,435.0,1343,163,3,27,2,0.009163762446060774,99.44982542403464,0.8899933730947648,0.10801855533465872,0.0019880715705765406,1478,0.008975507551542628,2.5,1.1014,1478
74,San Luis,75563.6874687152,813,2.8,6.2,26.0,138.0,151.39999999999998,695.0,489,322,2,19,3,0.01075913613052033,53.58032343919163,0.6014760147601476,0.3960639606396064,0.0024600246002460025,810,0.010719434521182616,2.5,0.972,810
58,Neuquén,94364.60604040034,551,2.8,6.5,8.0,167.0,182.0,284.0,452,99,0,27,4,0.005839053678283786,36.31335573800072,0.8203266787658802,0.17967332123411978,0.0,547,0.005796664903849784,2.5,0.8305,547
90,Tucumán,22598.49057358928,424,2.8,5.6,22.5,155.19999999999993,203.84999999999997,343.0,343,77,4,13,1,0.018762315059021078,27.943489714904366,0.8089622641509434,0.18160377358490565,0.009433962264150943,424,0.018762315059021078,2.5,0.9166,424
86,Santiago del Estero,136990.22337219902,338,3.1,6.9,29.0,610.6,635.15,700.0,217,34,87,78,24,0.002467329358837984,22.275706423673764,0.6420118343195266,0.10059171597633136,0.257396449704142,338,0.002467329358837984,2.5,0.4464,338
78,Santa Cruz,244451.8464402393,109,2.9,5.5,14.0,35.0,37.0,136.0,106,3,0,4,3,0.00044589558879297333,7.183585799350415,0.9724770642201835,0.027522935779816515,0.0,108,0.00044180480357468917,2.5,0.7445,108
06,Buenos Aires,306128.03335921175,8,3.6500000000000004,4.0,30.5,40.8,46.39999999999999,52.0,8,0,0,1,0,2.6132856609746586e-05,0.5272356549981956,1.0,0.0,0.0,8,2.6132856609746586e-05,,,0
94,"Tierra del Fuego, Antártida e Islas del Atlántico Sur",910377.4342812588,7,4.0,5.8,27.0,64.80000000000003,83.39999999999995,102.0,6,1,0,4,3,7.689118530850324e-06,0.46133119812342116,0.8571428571428571,0.14285714285714285,0.0,7,7.689118530850324e-06,,,0
42,La Pampa,143210.9514130237,7,3.2,4.1,28.0,71.20000000000002,82.59999999999997,94.0,6,1,0,1,0,4.887894348115766e-05,0.46133119812342116,0.8571428571428571,0.14285714285714285,0.0,7,4.887894348115766e-05,,,0
22,Chaco,99776.08344577109,4,3.65,4.2,280.0,477.40000000000003,509.19999999999993,541.0,1,1,2,2,0,4.008976762626712e-05,0.2636178274990978,0.25,0.25,0.5,4,4.008976762626712e-05,,,0
62,Río Negro,202222.94293229337,3,3.0,3.2,170.0,206.0,210.5,215.0,0,3,0,0,0,1.4835111963554182e-05,0.19771337062432337,0.0,1.0,0.0,3,1.4835111963554182e-05,,,0
34,Formosa,75476.33241520626,3,3.8,4.8,342.0,536.4,560.6999999999999,585.0,0,1,2,1,0,3.974755932093474e-05,0.19771337062432337,0.0,0.3333333333333333,0.6666666666666666,3,3.974755932093474e-05,,,0
18,Corrientes,89125.46296847865,2,3.7,4.2,267.0,456.6,480.29999999999995,504.0,1,0,1,1,0,2.2440276138675967e-05,0.1318089137495489,0.5,0.0,0.5,2,2.2440276138675967e-05,,,0
30,Entre Ríos,78388.83037362175,1,3.8,3.8,32.0,32.0,32.0,32.0,1,0,0,0,0,1.2756919515621517e-05,0.06590445687477445,1.0,0.0,0.0,1,1.2756919515621517e-05,,,0
