events,delta_z_median_km,delta_z_p10_km,delta_z_p90_km,abs_delta_z_median_km,slab_depth_median_km,dip_median_deg,strike_median_deg,thickness_median_km,latitude_south,latitude_north
2,23.46757011476502,9.542430495775996,37.392709733754046,23.46757011476502,76.03242988523498,26.725292190525423,3.5978175713326497,42.432660313509636,-44,-43
2,51.744675513085305,47.254611597036465,56.234739429134144,51.744675513085305,140.7553244869147,37.912603715463064,5.514143160441206,54.38897803049787,-42,-41
14,42.19135115685401,17.56270355336124,53.688621441989454,42.19135115685401,119.35123493944465,29.49093119492971,10.006146202905196,59.77415676123839,-41,-40
11,36.314861426049276,-116.98144874237398,48.147382068411105,44.36031170691753,128.86242405967977,28.669421888599945,13.296716305471815,63.43609720466343,-40,-39
311,-329.7857538077633,-347.45735734804776,-276.4612621084457,329.7857538077633,336.17948508222537,46.603710060200285,10.082768798412351,66.4977173584091,-39,-38
190,-223.61640992658886,-255.82374438182026,38.32192006579664,223.61640992658886,248.77030720451125,50.315837472490664,12.315397983708916,67.9491907776142,-38,-37
105,29.51995200282377,-206.7896246107706,63.55429225121699,54.76662572649738,132.37993873221507,33.44237998340312,14.452465027688849,68.99495184327571,-37,-36
145,10.87265012273187,-213.8792829116888,45.023379082592314,44.960867432093835,136.71796972596044,28.38191438670363,23.028516262862222,71.1647281799543,-36,-35
386,-122.79325895966747,-204.45053352618885,35.29272135957385,122.79325895966747,147.64604131111082,26.27562214271733,29.166520456656315,71.42656826480328,-35,-34
2118,-109.26020993620878,-169.27424913511794,24.9234420138604,109.4029167689864,132.90696387296495,20.847830282145686,39.51545095752253,72.17931232910021,-34,-33
6308,10.739203875771487,-112.53690129011953,27.65316197235068,23.18827463099008,104.21208828437605,13.254523262618441,59.56115017955396,73.13990604859094,-33,-32
36710,9.243714065630314,-78.47750332078517,19.045405815162958,11.3516414278252,97.16597336422824,5.328203933796011,122.48371930927766,73.92271528014854,-32,-31
3465,-1.5913936767337162,-92.14789220810162,26.23073379470887,36.8398547364539,93.72233645016208,4.517032539339665,129.08702335695278,75.6771244964683,-31,-30
3882,18.303327163709262,-83.39818731346051,37.99337456673272,31.875147030625847,89.38029848173278,3.66465202380988,128.8555655553585,78.64887119448343,-30,-29
5232,28.819748207085425,-91.68798267268492,42.911546218262956,32.687907511794926,102.57373255619359,10.86156312353792,339.23354453749687,79.17707966003113,-29,-28
3534,33.02850661611123,-143.7917997452385,53.30354156936341,47.53817554946457,128.4635715303125,21.8377880668914,343.3390317382448,79.5371670989909,-28,-27
755,-132.77509057568773,-260.0503537596449,15.72377096595597,134.80404745475101,176.8426675412275,37.803448507683164,350.629617236807,80.06430078124117,-27,-26
484,-142.82041765722076,-328.8477074579149,37.00275332731596,144.19874082615956,164.21906908245586,35.527618162461664,354.72035479737974,80.48684621583674,-26,-25
8644,55.363550467388066,21.202207188549224,69.76834663545247,56.84968226333058,141.35201561845946,30.829648360039634,354.836058239688,81.74718716127548,-25,-24
5694,53.0349589236389,-278.6402627317146,69.63397715662501,57.21908630410658,165.50469190646425,34.84389265440975,353.3594972046567,82.5765784118712,-24,-23
1903,46.29865582291194,6.636841751747511,66.6359579824279,47.92972160644922,210.8202393306624,37.85947889701098,354.9895608888933,84.02644209292299,-23,-22
65,39.04704423833793,9.636834223143083,67.49626016866728,41.67252493301844,95.02520181266473,20.69017718512332,351.2708865357101,84.8436947326699,-22,-21
38,27.408955420021492,9.01102019882971,41.200597192739075,27.408955420021492,79.48415233758442,18.054349960342407,348.36910001228534,85.47951858519585,-21,-20
30,25.882262467220738,19.30126040958892,61.320878261558114,25.882262467220738,83.23061494749584,20.580552843868883,340.5911350707299,85.69354570314094,-20,-19
14,34.593979962207484,-7.089105622810717,56.0431551949912,34.593979962207484,84.03128790590048,20.93694587972743,331.5794153013817,85.71554328000283,-19,-18
