date,longitude_cell,latitude_cell,events,longitude_median,latitude_median,depth_median_km,depth_min_km,depth_max_km,magnitude_max,candidate_reason
2021-01-19,-69.0,-32.0,98,-68.94,-31.8155,10.0,5.0,134.0,4.9,"concentración diaria en celda de 0,5°; no clasificada como secuencia/aftershock"
2021-01-20,-69.0,-32.0,55,-68.936,-31.806,10.0,6.0,111.0,3.5,"concentración diaria en celda de 0,5°; no clasificada como secuencia/aftershock"
2021-01-22,-69.0,-32.0,27,-68.947,-31.818,13.0,7.0,25.0,3.1,"concentración diaria en celda de 0,5°; no clasificada como secuencia/aftershock"
2012-12-28,-65.0,-31.5,24,-65.0995,-31.3795,12.0,4.0,144.0,4.9,"concentración diaria en celda de 0,5°; no clasificada como secuencia/aftershock"
2021-01-21,-69.0,-32.0,22,-68.93950000000001,-31.8005,11.5,5.0,23.0,3.8,"concentración diaria en celda de 0,5°; no clasificada como secuencia/aftershock"
2021-01-23,-69.0,-32.0,19,-68.938,-31.786,10.0,6.0,99.0,4.0,"concentración diaria en celda de 0,5°; no clasificada como secuencia/aftershock"
2021-01-25,-69.0,-32.0,19,-68.938,-31.808,10.0,6.0,21.0,3.6,"concentración diaria en celda de 0,5°; no clasificada como secuencia/aftershock"
2016-11-20,-68.5,-31.5,16,-68.696,-31.597,108.5,102.0,116.0,6.3,"concentración diaria en celda de 0,5°; no clasificada como secuencia/aftershock"
2011-12-31,-64.5,-23.5,15,-64.394,-23.405,16.0,7.0,51.0,5.2,"concentración diaria en celda de 0,5°; no clasificada como secuencia/aftershock"
2012-06-01,-69.0,-31.5,15,-68.842,-31.674,10.0,9.0,37.0,4.1,"concentración diaria en celda de 0,5°; no clasificada como secuencia/aftershock"
2014-03-28,-69.0,-29.0,15,-68.903,-29.181,10.0,3.0,23.0,3.4,"concentración diaria en celda de 0,5°; no clasificada como secuencia/aftershock"
2021-01-24,-69.0,-32.0,15,-68.921,-31.812,13.0,6.0,35.0,3.4,"concentración diaria en celda de 0,5°; no clasificada como secuencia/aftershock"
2021-01-26,-69.0,-32.0,15,-68.94,-31.825,12.0,7.0,112.0,3.5,"concentración diaria en celda de 0,5°; no clasificada como secuencia/aftershock"
2021-01-19,-69.0,-31.5,13,-68.92,-31.711,11.0,10.0,26.0,3.4,"concentración diaria en celda de 0,5°; no clasificada como secuencia/aftershock"
2021-01-29,-69.0,-32.0,13,-68.948,-31.815,13.0,5.0,109.0,3.5,"concentración diaria en celda de 0,5°; no clasificada como secuencia/aftershock"
2013-03-09,-65.0,-31.5,11,-64.865,-31.345,58.0,6.0,73.0,3.8,"concentración diaria en celda de 0,5°; no clasificada como secuencia/aftershock"
2015-02-11,-66.5,-23.0,11,-66.715,-23.163,232.0,218.0,258.0,6.3,"concentración diaria en celda de 0,5°; no clasificada como secuencia/aftershock"
2015-11-29,-65.0,-23.5,11,-64.839,-23.556,18.0,5.0,28.0,4.6,"concentración diaria en celda de 0,5°; no clasificada como secuencia/aftershock"
2021-01-20,-69.0,-31.5,11,-68.945,-31.724,10.0,7.0,25.0,3.4,"concentración diaria en celda de 0,5°; no clasificada como secuencia/aftershock"
2011-10-06,-64.5,-24.0,10,-64.4345,-24.188000000000002,17.0,8.0,27.0,6.0,"concentración diaria en celda de 0,5°; no clasificada como secuencia/aftershock"
2021-01-10,-67.0,-24.0,10,-66.856,-24.0605,212.0,158.0,226.0,6.0,"concentración diaria en celda de 0,5°; no clasificada como secuencia/aftershock"
2021-01-27,-69.0,-32.0,10,-68.93,-31.8295,10.0,5.0,20.0,3.5,"concentración diaria en celda de 0,5°; no clasificada como secuencia/aftershock"
2021-01-30,-69.0,-32.0,10,-68.94800000000001,-31.8155,11.0,5.0,109.0,3.3,"concentración diaria en celda de 0,5°; no clasificada como secuencia/aftershock"
2026-09-07,-66.5,-26.0,10,-66.6625,-25.921,12.5,7.0,30.0,4.0,"concentración diaria en celda de 0,5°; no clasificada como secuencia/aftershock"
2012-01-18,-68.5,-32.0,9,-68.382,-31.831,11.0,2.0,21.0,4.8,"concentración diaria en celda de 0,5°; no clasificada como secuencia/aftershock"
2014-03-29,-69.0,-29.0,9,-68.928,-29.187,10.0,5.0,21.0,3.7,"concentración diaria en celda de 0,5°; no clasificada como secuencia/aftershock"
2015-12-04,-65.0,-23.5,9,-64.809,-23.573,17.0,10.0,25.0,4.7,"concentración diaria en celda de 0,5°; no clasificada como secuencia/aftershock"
2021-01-31,-69.0,-32.0,9,-68.956,-31.792,10.0,10.0,23.0,5.0,"concentración diaria en celda de 0,5°; no clasificada como secuencia/aftershock"
2021-02-04,-69.0,-32.0,9,-68.935,-31.804,10.0,7.0,21.0,3.5,"concentración diaria en celda de 0,5°; no clasificada como secuencia/aftershock"
2021-10-14,-67.0,-24.0,9,-66.914,-24.029,207.0,194.0,227.0,4.0,"concentración diaria en celda de 0,5°; no clasificada como secuencia/aftershock"
2013-12-30,-68.5,-31.5,8,-68.5935,-31.364,105.5,102.0,109.0,2.8,"concentración diaria en celda de 0,5°; no clasificada como secuencia/aftershock"
2014-01-04,-68.5,-31.5,8,-68.62299999999999,-31.481,106.5,17.0,110.0,3.4,"concentración diaria en celda de 0,5°; no clasificada como secuencia/aftershock"
2014-12-02,-69.0,-29.5,8,-69.0615,-29.703000000000003,10.5,7.0,18.0,3.7,"concentración diaria en celda de 0,5°; no clasificada como secuencia/aftershock"
2016-11-04,-67.0,-24.0,8,-66.9615,-24.112499999999997,206.5,187.0,227.0,3.7,"concentración diaria en celda de 0,5°; no clasificada como secuencia/aftershock"
2016-11-21,-68.5,-31.5,8,-68.675,-31.59,106.0,102.0,114.0,3.6,"concentración diaria en celda de 0,5°; no clasificada como secuencia/aftershock"
2020-09-01,-71.5,-28.0,8,-71.594,-27.919,14.5,7.0,39.0,6.7,"concentración diaria en celda de 0,5°; no clasificada como secuencia/aftershock"
2020-12-21,-67.0,-24.0,8,-67.0955,-24.093,200.0,179.0,224.0,3.7,"concentración diaria en celda de 0,5°; no clasificada como secuencia/aftershock"
2020-12-23,-67.0,-24.0,8,-67.075,-24.1815,193.5,146.0,214.0,4.1,"concentración diaria en celda de 0,5°; no clasificada como secuencia/aftershock"
2021-01-28,-69.0,-32.0,8,-68.93100000000001,-31.802,14.0,5.0,24.0,3.2,"concentración diaria en celda de 0,5°; no clasificada como secuencia/aftershock"
2021-02-05,-69.0,-32.0,8,-68.95849999999999,-31.805999999999997,10.0,7.0,110.0,3.3,"concentración diaria en celda de 0,5°; no clasificada como secuencia/aftershock"
2021-05-17,-67.0,-24.0,8,-67.03800000000001,-24.0845,197.0,180.0,213.0,3.7,"concentración diaria en celda de 0,5°; no clasificada como secuencia/aftershock"
2023-11-12,-68.5,-31.5,8,-68.67699999999999,-31.406,103.5,100.0,107.0,3.4,"concentración diaria en celda de 0,5°; no clasificada como secuencia/aftershock"
2025-04-05,-66.0,-28.5,8,-65.82300000000001,-28.468,5.5,3.0,8.0,2.8,"concentración diaria en celda de 0,5°; no clasificada como secuencia/aftershock"
2026-01-20,-67.0,-24.0,8,-66.9285,-24.073,204.0,187.0,212.0,3.5,"concentración diaria en celda de 0,5°; no clasificada como secuencia/aftershock"
2012-01-19,-68.5,-32.0,7,-68.395,-31.84,14.0,3.0,118.0,4.0,"concentración diaria en celda de 0,5°; no clasificada como secuencia/aftershock"
2012-06-29,-69.0,-31.5,7,-68.829,-31.684,11.0,7.0,107.0,3.8,"concentración diaria en celda de 0,5°; no clasificada como secuencia/aftershock"
2013-01-01,-69.5,-31.5,7,-69.454,-31.518,103.0,96.0,118.0,3.2,"concentración diaria en celda de 0,5°; no clasificada como secuencia/aftershock"
2013-01-01,-65.0,-31.5,7,-65.116,-31.376,12.0,5.0,35.0,3.7,"concentración diaria en celda de 0,5°; no clasificada como secuencia/aftershock"
2013-01-02,-65.0,-31.5,7,-65.096,-31.383,12.0,8.0,41.0,3.5,"concentración diaria en celda de 0,5°; no clasificada como secuencia/aftershock"
2013-01-11,-69.0,-33.0,7,-68.875,-33.06,18.0,14.0,23.0,3.8,"concentración diaria en celda de 0,5°; no clasificada como secuencia/aftershock"
2013-07-14,-67.0,-27.0,7,-66.955,-26.913,18.0,3.0,24.0,4.4,"concentración diaria en celda de 0,5°; no clasificada como secuencia/aftershock"
2015-11-30,-65.0,-23.5,7,-64.797,-23.547,18.0,5.0,25.0,3.8,"concentración diaria en celda de 0,5°; no clasificada como secuencia/aftershock"
2016-07-10,-65.0,-31.5,7,-64.957,-31.427,40.0,8.0,53.0,3.5,"concentración diaria en celda de 0,5°; no clasificada como secuencia/aftershock"
2016-11-22,-68.5,-31.5,7,-68.668,-31.581,110.0,105.0,115.0,2.9,"concentración diaria en celda de 0,5°; no clasificada como secuencia/aftershock"
2016-12-02,-68.5,-31.5,7,-68.645,-31.376,109.0,102.0,117.0,3.2,"concentración diaria en celda de 0,5°; no clasificada como secuencia/aftershock"
2017-10-19,-69.5,-31.5,7,-69.487,-31.47,107.0,101.0,124.0,3.7,"concentración diaria en celda de 0,5°; no clasificada como secuencia/aftershock"
2018-05-19,-64.0,-23.0,7,-63.914,-22.855,12.0,7.0,18.0,3.9,"concentración diaria en celda de 0,5°; no clasificada como secuencia/aftershock"
2018-05-20,-69.0,-31.5,7,-69.03,-31.513,105.0,102.0,113.0,3.1,"concentración diaria en celda de 0,5°; no clasificada como secuencia/aftershock"
2018-08-13,-68.0,-31.5,7,-67.859,-31.581,10.0,6.0,33.0,3.7,"concentración diaria en celda de 0,5°; no clasificada como secuencia/aftershock"
2019-02-17,-65.0,-23.5,7,-64.785,-23.501,20.0,15.0,24.0,5.1,"concentración diaria en celda de 0,5°; no clasificada como secuencia/aftershock"
2019-05-20,-70.0,-31.5,7,-70.069,-31.495,123.0,114.0,131.0,5.6,"concentración diaria en celda de 0,5°; no clasificada como secuencia/aftershock"
2020-04-13,-67.0,-24.0,7,-66.894,-24.102,211.0,166.0,217.0,3.9,"concentración diaria en celda de 0,5°; no clasificada como secuencia/aftershock"
2020-05-22,-67.0,-24.0,7,-66.866,-24.024,204.0,188.0,224.0,3.6,"concentración diaria en celda de 0,5°; no clasificada como secuencia/aftershock"
2020-09-13,-69.0,-31.5,7,-69.116,-31.52,110.0,105.0,114.0,3.1,"concentración diaria en celda de 0,5°; no clasificada como secuencia/aftershock"
2020-12-30,-68.5,-31.5,7,-68.594,-31.382,105.0,99.0,113.0,3.2,"concentración diaria en celda de 0,5°; no clasificada como secuencia/aftershock"
2021-02-01,-69.0,-32.0,7,-68.967,-31.82,10.0,7.0,100.0,2.9,"concentración diaria en celda de 0,5°; no clasificada como secuencia/aftershock"
2021-03-17,-68.5,-31.5,7,-68.651,-31.373,108.0,102.0,112.0,3.8,"concentración diaria en celda de 0,5°; no clasificada como secuencia/aftershock"
2021-09-15,-67.0,-24.0,7,-66.948,-24.087,196.0,191.0,229.0,4.0,"concentración diaria en celda de 0,5°; no clasificada como secuencia/aftershock"
2022-05-04,-67.0,-24.0,7,-67.033,-24.036,195.0,189.0,216.0,3.6,"concentración diaria en celda de 0,5°; no clasificada como secuencia/aftershock"
2022-10-28,-67.0,-24.0,7,-66.899,-24.133,214.0,170.0,223.0,4.5,"concentración diaria en celda de 0,5°; no clasificada como secuencia/aftershock"
2022-11-25,-67.0,-24.0,7,-67.021,-24.01,200.0,187.0,213.0,3.8,"concentración diaria en celda de 0,5°; no clasificada como secuencia/aftershock"
2023-05-22,-67.0,-24.0,7,-67.032,-24.085,203.0,180.0,216.0,3.5,"concentración diaria en celda de 0,5°; no clasificada como secuencia/aftershock"
2026-05-23,-67.0,-24.0,7,-67.05,-24.23,194.0,153.0,213.0,3.4,"concentración diaria en celda de 0,5°; no clasificada como secuencia/aftershock"
2012-02-20,-68.5,-31.5,6,-68.7175,-31.372500000000002,105.5,98.0,108.0,3.7,"concentración diaria en celda de 0,5°; no clasificada como secuencia/aftershock"
2012-02-22,-69.5,-31.5,6,-69.3865,-31.467,99.5,97.0,107.0,3.2,"concentración diaria en celda de 0,5°; no clasificada como secuencia/aftershock"
2012-11-28,-69.0,-33.0,6,-69.096,-32.876000000000005,9.0,8.0,11.0,4.6,"concentración diaria en celda de 0,5°; no clasificada como secuencia/aftershock"
2012-12-10,-68.5,-31.5,6,-68.622,-31.438499999999998,101.5,96.0,104.0,2.6,"concentración diaria en celda de 0,5°; no clasificada como secuencia/aftershock"
2013-01-07,-65.0,-31.5,6,-65.012,-31.453,26.5,10.0,41.0,3.2,"concentración diaria en celda de 0,5°; no clasificada como secuencia/aftershock"
2013-05-09,-68.5,-31.5,6,-68.634,-31.393500000000003,100.0,99.0,107.0,4.0,"concentración diaria en celda de 0,5°; no clasificada como secuencia/aftershock"
2013-07-28,-65.0,-31.5,6,-64.92750000000001,-31.535,28.0,8.0,54.0,3.7,"concentración diaria en celda de 0,5°; no clasificada como secuencia/aftershock"
2013-11-26,-68.5,-31.5,6,-68.59,-31.3685,108.0,105.0,117.0,3.4,"concentración diaria en celda de 0,5°; no clasificada como secuencia/aftershock"
2013-12-21,-69.5,-31.5,6,-69.45750000000001,-31.438499999999998,113.5,99.0,119.0,3.5,"concentración diaria en celda de 0,5°; no clasificada como secuencia/aftershock"
2013-12-22,-68.5,-31.5,6,-68.65950000000001,-31.3505,105.5,101.0,107.0,2.7,"concentración diaria en celda de 0,5°; no clasificada como secuencia/aftershock"
2014-03-12,-69.0,-31.5,6,-69.1155,-31.317,107.5,104.0,121.0,3.2,"concentración diaria en celda de 0,5°; no clasificada como secuencia/aftershock"
2014-05-14,-69.5,-31.5,6,-69.4925,-31.564,105.5,103.0,121.0,3.5,"concentración diaria en celda de 0,5°; no clasificada como secuencia/aftershock"
2014-08-25,-69.5,-32.0,6,-69.4465,-31.875999999999998,115.0,105.0,121.0,2.9,"concentración diaria en celda de 0,5°; no clasificada como secuencia/aftershock"
2014-09-08,-68.5,-31.5,6,-68.6385,-31.333,106.0,102.0,130.0,3.0,"concentración diaria en celda de 0,5°; no clasificada como secuencia/aftershock"
2015-02-12,-66.5,-23.0,6,-66.7025,-23.125500000000002,242.5,227.0,296.0,3.7,"concentración diaria en celda de 0,5°; no clasificada como secuencia/aftershock"
2015-08-01,-68.5,-30.0,6,-68.456,-30.058,10.5,10.0,35.0,4.8,"concentración diaria en celda de 0,5°; no clasificada como secuencia/aftershock"
2016-07-09,-67.0,-24.0,6,-66.857,-24.0105,221.0,196.0,230.0,4.5,"concentración diaria en celda de 0,5°; no clasificada como secuencia/aftershock"
2017-02-15,-69.5,-33.0,6,-69.61699999999999,-33.086,10.0,6.0,11.0,4.1,"concentración diaria en celda de 0,5°; no clasificada como secuencia/aftershock"
2017-07-14,-68.5,-31.5,6,-68.5675,-31.442500000000003,58.0,12.0,109.0,3.7,"concentración diaria en celda de 0,5°; no clasificada como secuencia/aftershock"
2018-05-02,-69.0,-31.5,6,-68.997,-31.523,107.0,99.0,122.0,3.7,"concentración diaria en celda de 0,5°; no clasificada como secuencia/aftershock"
2018-05-10,-68.5,-31.5,6,-68.67699999999999,-31.4015,108.0,104.0,111.0,2.8,"concentración diaria en celda de 0,5°; no clasificada como secuencia/aftershock"
2018-05-30,-68.5,-31.5,6,-68.52449999999999,-31.348,106.5,101.0,125.0,2.8,"concentración diaria en celda de 0,5°; no clasificada como secuencia/aftershock"
2018-05-31,-67.0,-24.0,6,-66.9075,-24.118000000000002,218.0,200.0,229.0,4.2,"concentración diaria en celda de 0,5°; no clasificada como secuencia/aftershock"
2018-06-20,-68.5,-31.5,6,-68.556,-31.343,106.5,98.0,112.0,3.1,"concentración diaria en celda de 0,5°; no clasificada como secuencia/aftershock"
2019-07-15,-68.5,-31.5,6,-68.63900000000001,-31.5315,104.0,101.0,110.0,3.0,"concentración diaria en celda de 0,5°; no clasificada como secuencia/aftershock"
2019-09-03,-67.0,-24.0,6,-66.905,-24.0325,215.5,197.0,242.0,3.6,"concentración diaria en celda de 0,5°; no clasificada como secuencia/aftershock"
2019-09-05,-68.5,-31.5,6,-68.6565,-31.3065,103.0,10.0,105.0,2.8,"concentración diaria en celda de 0,5°; no clasificada como secuencia/aftershock"
