date,events,longitude_median,latitude_median,depth_median_km,magnitude_max,longitude_span,latitude_span,interpretation
2021-01-19,127,-68.93,-31.801,10.0,4.9,3.2480000000000047,9.441999999999997,pico diario candidato; no clasificado como secuencia/aftershock
2021-01-20,75,-68.936,-31.794,12.0,3.6,3.5379999999999967,8.712999999999997,pico diario candidato; no clasificado como secuencia/aftershock
2021-01-22,45,-68.92,-31.785,15.0,3.2,3.049999999999997,10.315999999999999,pico diario candidato; no clasificado como secuencia/aftershock
2021-01-23,43,-68.92,-31.761,17.0,7.0,14.857000000000006,38.575,pico diario candidato; no clasificado como secuencia/aftershock
2022-04-24,40,-68.893,-31.506,107.5,5.1,4.331999999999994,14.77,pico diario candidato; no clasificado como secuencia/aftershock
2012-12-28,37,-65.12,-31.379,27.0,4.9,5.325999999999993,9.357999999999997,pico diario candidato; no clasificado como secuencia/aftershock
2013-03-09,36,-67.632,-31.3435,72.5,4.5,5.5190000000000055,10.877000000000002,pico diario candidato; no clasificado como secuencia/aftershock
2021-01-18,36,-68.64349999999999,-31.2275,108.0,6.4,3.8810000000000002,10.292000000000002,pico diario candidato; no clasificado como secuencia/aftershock
2021-01-21,36,-68.93950000000001,-31.7905,14.0,3.8,4.76100000000001,8.664000000000001,pico diario candidato; no clasificado como secuencia/aftershock
2015-11-29,35,-66.827,-24.288,28.0,5.5,5.706999999999994,10.79,pico diario candidato; no clasificado como secuencia/aftershock
2020-11-30,35,-67.283,-24.351,118.0,6.1,5.415999999999997,9.043000000000003,pico diario candidato; no clasificado como secuencia/aftershock
2020-12-01,35,-67.4,-28.739,120.0,3.9,5.707999999999998,9.566999999999997,pico diario candidato; no clasificado como secuencia/aftershock
2022-01-11,35,-68.542,-30.997,106.0,4.2,7.581000000000003,27.815,pico diario candidato; no clasificado como secuencia/aftershock
2021-01-25,34,-68.9305,-31.79,14.0,4.5,3.9210000000000065,9.594999999999999,pico diario candidato; no clasificado como secuencia/aftershock
2021-08-13,34,-68.382,-31.25,107.0,6.1,46.117000000000004,37.95399999999999,pico diario candidato; no clasificado como secuencia/aftershock
2022-03-24,34,-68.09649999999999,-31.201999999999998,108.5,3.9,4.869,10.562000000000001,pico diario candidato; no clasificado como secuencia/aftershock
2022-10-04,34,-67.612,-31.0075,124.0,4.7,5.222999999999999,11.780999999999999,pico diario candidato; no clasificado como secuencia/aftershock
2014-03-28,33,-68.866,-29.193,12.0,3.4,3.682000000000002,9.247000000000003,pico diario candidato; no clasificado como secuencia/aftershock
2021-01-24,33,-68.921,-31.766,21.0,3.4,2.906000000000006,8.616,pico diario candidato; no clasificado como secuencia/aftershock
2021-03-25,33,-68.257,-28.792,114.0,3.9,5.334999999999994,11.295000000000002,pico diario candidato; no clasificado como secuencia/aftershock
2020-12-30,32,-68.325,-31.2045,111.0,3.3,2.862000000000009,8.07,pico diario candidato; no clasificado como secuencia/aftershock
2021-01-26,32,-68.9075,-31.778,102.5,4.9,4.075000000000003,8.820999999999998,pico diario candidato; no clasificado como secuencia/aftershock
2021-02-10,32,-68.6565,-31.259500000000003,115.0,5.2,6.734999999999999,10.390000000000004,pico diario candidato; no clasificado como secuencia/aftershock
2021-04-24,32,-68.8765,-31.286,111.5,3.3,4.378,12.663,pico diario candidato; no clasificado como secuencia/aftershock
2021-06-28,32,-67.396,-29.165,116.5,4.6,5.046999999999997,11.058000000000003,pico diario candidato; no clasificado como secuencia/aftershock
2022-03-07,32,-68.723,-31.538,110.0,3.5,3.6509999999999962,10.966000000000005,pico diario candidato; no clasificado como secuencia/aftershock
2011-12-31,31,-64.411,-23.436,23.0,5.2,6.389000000000003,9.674000000000003,pico diario candidato; no clasificado como secuencia/aftershock
2021-01-28,31,-68.83,-31.717,108.0,3.5,3.8659999999999997,10.920999999999996,pico diario candidato; no clasificado como secuencia/aftershock
2021-02-07,31,-68.921,-31.107,107.0,4.1,3.549999999999997,8.857000000000003,pico diario candidato; no clasificado como secuencia/aftershock
2012-09-13,30,-67.4425,-29.7235,78.0,3.8,5.332999999999998,10.014999999999997,pico diario candidato; no clasificado como secuencia/aftershock
2013-04-11,30,-65.744,-24.002499999999998,22.0,4.4,5.093999999999994,9.419999999999998,pico diario candidato; no clasificado como secuencia/aftershock
2016-11-20,30,-68.696,-31.587,109.5,6.3,4.1569999999999965,9.833999999999996,pico diario candidato; no clasificado como secuencia/aftershock
2019-10-26,30,-68.74000000000001,-31.5465,108.0,3.6,3.2169999999999987,9.209999999999997,pico diario candidato; no clasificado como secuencia/aftershock
2020-12-05,30,-68.80000000000001,-31.319499999999998,111.0,5.1,11.387000000000008,39.606,pico diario candidato; no clasificado como secuencia/aftershock
2021-01-29,30,-68.92349999999999,-31.7565,25.0,4.3,5.024000000000001,9.536999999999999,pico diario candidato; no clasificado como secuencia/aftershock
2021-10-14,30,-67.1945,-27.717,124.5,4.0,5.231000000000009,9.637,pico diario candidato; no clasificado como secuencia/aftershock
2021-11-04,30,-68.5125,-31.1295,112.5,5.0,7.77300000000001,28.097999999999995,pico diario candidato; no clasificado como secuencia/aftershock
2022-04-22,30,-68.711,-31.525,106.5,3.7,3.0870000000000033,14.567,pico diario candidato; no clasificado como secuencia/aftershock
2022-09-02,30,-68.415,-31.240000000000002,110.5,3.9,3.8939999999999912,9.399999999999999,pico diario candidato; no clasificado como secuencia/aftershock
2022-10-21,30,-68.48500000000001,-30.748,118.0,4.5,4.719999999999999,15.963000000000001,pico diario candidato; no clasificado como secuencia/aftershock
2024-11-03,30,-68.59450000000001,-31.179000000000002,115.0,5.6,4.751999999999995,17.106999999999996,pico diario candidato; no clasificado como secuencia/aftershock
2013-01-01,29,-68.512,-31.494,71.0,4.5,6.454999999999998,7.0070000000000014,pico diario candidato; no clasificado como secuencia/aftershock
2019-11-03,29,-68.495,-31.239,106.0,5.6,5.885000000000005,15.834,pico diario candidato; no clasificado como secuencia/aftershock
2021-02-13,29,-68.613,-31.196,113.0,5.1,4.000999999999991,11.295000000000002,pico diario candidato; no clasificado como secuencia/aftershock
2021-06-12,29,-68.367,-31.016,108.0,5.2,7.358999999999995,11.116,pico diario candidato; no clasificado como secuencia/aftershock
2021-10-27,29,-68.902,-31.305,106.0,3.8,5.831000000000003,26.402,pico diario candidato; no clasificado como secuencia/aftershock
2022-01-29,29,-67.932,-29.552,130.0,4.5,4.974000000000004,11.239000000000004,pico diario candidato; no clasificado como secuencia/aftershock
2022-05-11,29,-67.302,-29.161,124.0,5.0,4.031000000000006,11.649999999999999,pico diario candidato; no clasificado como secuencia/aftershock
2022-10-02,29,-68.559,-31.151,117.0,3.4,3.305000000000007,9.970000000000002,pico diario candidato; no clasificado como secuencia/aftershock
2013-03-10,28,-68.4195,-31.301499999999997,103.5,4.3,5.328000000000003,10.097999999999999,pico diario candidato; no clasificado como secuencia/aftershock
